[
  {
    "id": 1,
    "nom": "Dupont",
    "prenom": "Jean",
    "telephone": "0102030405",
    "email": "jean.dupont@example.com",
    "montant": 1500,
    "photo": "https://images.pexels.com/photos/2379004/pexels-photo-2379004.jpeg?auto=compress&cs=tinysrgb&w=600",
    "transactions": [
      {
        "date": "2025-01-01",
        "numero": "TRX001",
        "type": "retrait",
        "montant": -200
      },
      {
        "date": "2025-01-05",
        "numero": "TRX002",
        "type": "depot",
        "montant": 500
      },
      {
        "date": "2025-01-10",
        "numero": "TRX003",
        "type": "transfert",
        "montant": -300
      }
    ]
  },
  {
    "id": 2,
    "nom": "Martin",
    "prenom": "Sophie",
    "telephone": "0607080910",
    "email": "sophie.martin@example.com",
    "montant": 2200,
    "photo": "https://images.pexels.com/photos/1036623/pexels-photo-1036623.jpeg?auto=compress&cs=tinysrgb&w=600",
    "transactions": [
      {
        "date": "2025-01-03",
        "numero": "TRX004",
        "type": "retrait",
        "montant": -100
      },
      {
        "date": "2025-01-06",
        "numero": "TRX005",
        "type": "depot",
        "montant": 700
      }
    ]
  },
  {
    "id": 3,
    "nom": "Durand",
    "prenom": "Pierre",
    "telephone": "0708091011",
    "email": "pierre.durand@example.com",
    "montant": 5000,
    "photo": "https://images.pexels.com/photos/1043474/pexels-photo-1043474.jpeg?auto=compress&cs=tinysrgb&w=600",
    "transactions": [
      {
        "date": "2025-01-02",
        "numero": "TRX006",
        "type": "transfert",
        "montant": -1500
      },
      {
        "date": "2025-01-04",
        "numero": "TRX007",
        "type": "retrait",
        "montant": -1000
      },
      {
        "date": "2025-01-09",
        "numero": "TRX008",
        "type": "depot",
        "montant": 2500
      }
    ]
  }
]
